SDR_geocode,SDR_name,DR_geocode,DR_name
2401023,Les Îles-de-la-Madeleine,2401,Communauté maritime des Îles-de-la-Madeleine
2401042,Grosse-Île,2401,Communauté maritime des Îles-de-la-Madeleine
2402005,Percé,2402,Le Rocher-Percé
2402010,Sainte-Thérèse-de-Gaspé,2402,Le Rocher-Percé
2402015,Grande-Rivière,2402,Le Rocher-Percé
2402028,Chandler,2402,Le Rocher-Percé
2402047,Port-Daniel--Gascons,2402,Le Rocher-Percé
2402902,Mont-Alexandre,2402,Le Rocher-Percé
2403005,Gaspé,2403,La Côte-de-Gaspé
2403010,Cloridorme,2403,La Côte-de-Gaspé
2403015,Petite-Vallée,2403,La Côte-de-Gaspé
2403020,Grande-Vallée,2403,La Côte-de-Gaspé
2403025,Murdochville,2403,La Côte-de-Gaspé
2403902,Rivière-Saint-Jean,2403,La Côte-de-Gaspé
2403904,Collines-du-Basque,2403,La Côte-de-Gaspé
2404005,Sainte-Madeleine-de-la-Rivière-Madeleine,2404,La Haute-Gaspésie
2404010,Saint-Maxime-du-Mont-Louis,2404,La Haute-Gaspésie
2404015,Mont-Saint-Pierre,2404,La Haute-Gaspésie
2404020,Rivière-à-Claude,2404,La Haute-Gaspésie
2404025,Marsoui,2404,La Haute-Gaspésie
2404030,La Martre,2404,La Haute-Gaspésie
2404037,Sainte-Anne-des-Monts,2404,La Haute-Gaspésie
2404047,Cap-Chat,2404,La Haute-Gaspésie
2404902,Mont-Albert,2404,La Haute-Gaspésie
2404904,Coulée-des-Adolphe,2404,La Haute-Gaspésie
2405010,Shigawake,2405,Bonaventure
2405015,Saint-Godefroi,2405,Bonaventure
2405020,Hope Town,2405,Bonaventure
2405025,Hope,2405,Bonaventure
2405032,Paspébiac,2405,Bonaventure
2405040,New Carlisle,2405,Bonaventure
2405045,Bonaventure,2405,Bonaventure
2405050,Saint-Elzéar,2405,Bonaventure
2405055,Saint-Siméon,2405,Bonaventure
2405060,Caplan,2405,Bonaventure
2405065,Saint-Alphonse,2405,Bonaventure
2405070,New Richmond,2405,Bonaventure
2405077,Cascapédia--Saint-Jules,2405,Bonaventure
2405902,Rivière-Bonaventure,2405,Bonaventure
2406005,Maria,2406,Avignon
2406013,Carleton-sur-Mer,2406,Avignon
2406020,Nouvelle,2406,Avignon
2406025,Escuminac,2406,Avignon
2406030,Pointe-à-la-Croix,2406,Avignon
2406035,Ristigouche-Partie-Sud-Est,2406,Avignon
2406040,Saint-André-de-Restigouche,2406,Avignon
2406045,Matapédia,2406,Avignon
2406050,Saint-Alexis-de-Matapédia,2406,Avignon
2406055,Saint-François-d'Assise,2406,Avignon
2406060,L'Ascension-de-Patapédia,2406,Avignon
2406802,Gesgapegiag,2406,Avignon
2406804,Listuguj,2406,Avignon
2406902,Rivière-Nouvelle,2406,Avignon
2406904,Ruisseau-Ferguson,2406,Avignon
2407005,Sainte-Marguerite-Marie,2407,La Matapédia
2407010,Sainte-Florence,2407,La Matapédia
2407018,Causapscal,2407,La Matapédia
2407025,Albertville,2407,La Matapédia
2407030,Saint-Léon-le-Grand,2407,La Matapédia
2407035,Saint-Zénon-du-Lac-Humqui,2407,La Matapédia
2407040,Sainte-Irène,2407,La Matapédia
2407047,Amqui,2407,La Matapédia
2407057,Lac-au-Saumon,2407,La Matapédia
2407065,Saint-Alexandre-des-Lacs,2407,La Matapédia
2407070,Saint-Tharcisius,2407,La Matapédia
2407075,Saint-Vianney,2407,La Matapédia
2407080,Val-Brillant,2407,La Matapédia
2407085,Sayabec,2407,La Matapédia
2407090,Saint-Cléophas,2407,La Matapédia
2407095,Saint-Moïse,2407,La Matapédia
2407100,Saint-Noël,2407,La Matapédia
2407105,Saint-Damase,2407,La Matapédia
2407902,Routhierville,2407,La Matapédia
2407904,Rivière-Vaseuse,2407,La Matapédia
2407906,Rivière-Patapédia-Est,2407,La Matapédia
2407908,Lac-Casault,2407,La Matapédia
2407910,Ruisseau-des-Mineurs,2407,La Matapédia
2407912,Lac-Alfred,2407,La Matapédia
2407914,Lac-Matapédia,2407,La Matapédia
2408005,Les Méchins,2408,La Matanie
2408010,Saint-Jean-de-Cherbourg,2408,La Matanie
2408015,Grosses-Roches,2408,La Matanie
2408023,Sainte-Félicité,2408,La Matanie
2408030,Saint-Adelme,2408,La Matanie
2408035,Saint-René-de-Matane,2408,La Matanie
2408040,Sainte-Paule,2408,La Matanie
2408053,Matane,2408,La Matanie
2408065,Saint-Léandre,2408,La Matanie
2408073,Saint-Ulric,2408,La Matanie
2408080,Baie-des-Sables,2408,La Matanie
2408902,Rivière-Bonjour,2408,La Matanie
2409005,La Rédemption,2409,La Mitis
2409010,Saint-Charles-Garnier,2409,La Mitis
2409015,Les Hauteurs,2409,La Mitis
2409020,Sainte-Jeanne-d'Arc,2409,La Mitis
2409025,Saint-Gabriel-de-Rimouski,2409,La Mitis
2409030,Saint-Donat,2409,La Mitis
2409035,Sainte-Angèle-de-Mérici,2409,La Mitis
2409040,Padoue,2409,La Mitis
2409048,Métis-sur-Mer,2409,La Mitis
2409055,Saint-Octave-de-Métis,2409,La Mitis
2409060,Grand-Métis,2409,La Mitis
2409065,Price,2409,La Mitis
2409070,Saint-Joseph-de-Lepage,2409,La Mitis
2409077,Mont-Joli,2409,La Mitis
2409085,Sainte-Flavie,2409,La Mitis
2409092,Sainte-Luce,2409,La Mitis
2409902,Lac-des-Eaux-Mortes,2409,La Mitis
2409904,Lac-à-la-Croix,2409,La Mitis
2410005,Esprit-Saint,2410,Rimouski-Neigette
2410010,La Trinité-des-Monts,2410,Rimouski-Neigette
2410015,Saint-Narcisse-de-Rimouski,2410,Rimouski-Neigette
2410025,Saint-Marcellin,2410,Rimouski-Neigette
2410030,Saint-Anaclet-de-Lessard,2410,Rimouski-Neigette
2410043,Rimouski,2410,Rimouski-Neigette
2410060,Saint-Valérien,2410,Rimouski-Neigette
2410070,Saint-Fabien,2410,Rimouski-Neigette
2410075,Saint-Eugène-de-Ladrière,2410,Rimouski-Neigette
2410902,Lac-Huron,2410,Rimouski-Neigette
2411005,Saint-Clément,2411,Les Basques
2411010,Saint-Jean-de-Dieu,2411,Les Basques
2411015,Sainte-Rita,2411,Les Basques
2411020,Saint-Guy,2411,Les Basques
2411025,Saint-Médard,2411,Les Basques
2411030,Sainte-Françoise,2411,Les Basques
2411035,Saint-Éloi,2411,Les Basques
2411040,Trois-Pistoles,2411,Les Basques
2411045,Notre-Dame-des-Neiges,2411,Les Basques
2411050,Saint-Mathieu-de-Rioux,2411,Les Basques
2411055,Saint-Simon-de-Rimouski,2411,Les Basques
2411902,Lac-Boisbouscache,2411,Les Basques
2412005,Saint-Cyprien,2412,Rivière-du-Loup
2412010,Saint-Hubert-de-Rivière-du-Loup,2412,Rivière-du-Loup
2412015,Saint-Antonin,2412,Rivière-du-Loup
2412020,Saint-Modeste,2412,Rivière-du-Loup
2412025,Saint-François-Xavier-de-Viger,2412,Rivière-du-Loup
2412030,Saint-Épiphane,2412,Rivière-du-Loup
2412035,Saint-Paul-de-la-Croix,2412,Rivière-du-Loup
2412043,L'Isle-Verte,2412,Rivière-du-Loup
2412045,Notre-Dame-des-Sept-Douleurs,2412,Rivière-du-Loup
2412057,Cacouna,2412,Rivière-du-Loup
2412065,Saint-Arsène,2412,Rivière-du-Loup
2412072,Rivière-du-Loup,2412,Rivière-du-Loup
2412080,Notre-Dame-du-Portage,2412,Rivière-du-Loup
2413005,Dégelis,2413,Témiscouata
2413010,Saint-Jean-de-la-Lande,2413,Témiscouata
2413015,Packington,2413,Témiscouata
2413020,Saint-Marc-du-Lac-Long,2413,Témiscouata
2413025,Rivière-Bleue,2413,Témiscouata
2413030,Saint-Eusèbe,2413,Témiscouata
2413040,Saint-Juste-du-Lac,2413,Témiscouata
2413045,Auclair,2413,Témiscouata
2413050,Lejeune,2413,Témiscouata
2413055,Biencourt,2413,Témiscouata
2413060,Lac-des-Aigles,2413,Témiscouata
2413065,Saint-Michel-du-Squatec,2413,Témiscouata
2413073,Témiscouata-sur-le-Lac,2413,Témiscouata
2413075,Saint-Pierre-de-Lamy,2413,Témiscouata
2413080,Saint-Louis-du-Ha! Ha!,2413,Témiscouata
2413085,Saint-Elzéar-de-Témiscouata,2413,Témiscouata
2413090,Saint-Honoré-de-Témiscouata,2413,Témiscouata
2413095,Pohénégamook,2413,Témiscouata
2413100,Saint-Athanase,2413,Témiscouata
2414005,Mont-Carmel,2414,Kamouraska
2414010,Saint-Bruno-de-Kamouraska,2414,Kamouraska
2414018,Saint-Pascal,2414,Kamouraska
2414025,Sainte-Hélène-de-Kamouraska,2414,Kamouraska
2414030,Saint-Joseph-de-Kamouraska,2414,Kamouraska
2414035,Saint-Alexandre-de-Kamouraska,2414,Kamouraska
2414040,Saint-André-de-Kamouraska,2414,Kamouraska
2414045,Saint-Germain,2414,Kamouraska
2414050,Kamouraska,2414,Kamouraska
2414055,Saint-Denis-De La Bouteillerie,2414,Kamouraska
2414060,Saint-Philippe-de-Néri,2414,Kamouraska
2414065,Rivière-Ouelle,2414,Kamouraska
2414070,Saint-Pacôme,2414,Kamouraska
2414075,Saint-Gabriel-Lalemant,2414,Kamouraska
2414080,Saint-Onésime-d'Ixworth,2414,Kamouraska
2414085,La Pocatière,2414,Kamouraska
2414090,Sainte-Anne-de-la-Pocatière,2414,Kamouraska
2414902,Picard,2414,Kamouraska
2414904,Petit-Lac-Sainte-Anne,2414,Kamouraska
2415005,Saint-Irénée,2415,Charlevoix-Est
2415013,La Malbaie,2415,Charlevoix-Est
2415025,Notre-Dame-des-Monts,2415,Charlevoix-Est
2415030,Saint-Aimé-des-Lacs,2415,Charlevoix-Est
2415035,Clermont,2415,Charlevoix-Est
2415058,Saint-Siméon,2415,Charlevoix-Est
2415065,Baie-Sainte-Catherine,2415,Charlevoix-Est
2415902,Mont-Élie,2415,Charlevoix-Est
2415904,Sagard,2415,Charlevoix-Est
2416005,Petite-Rivière-Saint-François,2416,Charlevoix
2416013,Baie-Saint-Paul,2416,Charlevoix
2416023,L'Isle-aux-Coudres,2416,Charlevoix
2416048,Les Éboulements,2416,Charlevoix
2416050,Saint-Hilarion,2416,Charlevoix
2416055,Saint-Urbain,2416,Charlevoix
2416902,Lac-Pikauba,2416,Charlevoix
2417005,Saint-Omer,2417,L'Islet
2417010,Saint-Pamphile,2417,L'Islet
2417015,Saint-Adalbert,2417,L'Islet
2417020,Saint-Marcel,2417,L'Islet
2417025,Sainte-Félicité,2417,L'Islet
2417030,Sainte-Perpétue,2417,L'Islet
2417035,Tourville,2417,L'Islet
2417040,Saint-Damase-de-L'Islet,2417,L'Islet
2417045,Saint-Cyrille-de-Lessard,2417,L'Islet
2417055,Saint-Aubert,2417,L'Islet
2417060,Sainte-Louise,2417,L'Islet
2417065,Saint-Roch-des-Aulnaies,2417,L'Islet
2417070,Saint-Jean-Port-Joli,2417,L'Islet
2417078,L'Islet,2417,L'Islet
2418005,Saint-Just-de-Bretenières,2418,Montmagny
2418010,Lac-Frontière,2418,Montmagny
2418015,Saint-Fabien-de-Panet,2418,Montmagny
2418020,Sainte-Lucie-de-Beauregard,2418,Montmagny
2418025,Sainte-Apolline-de-Patton,2418,Montmagny
2418030,Saint-Paul-de-Montminy,2418,Montmagny
2418035,Sainte-Euphémie-sur-Rivière-du-Sud,2418,Montmagny
2418040,Notre-Dame-du-Rosaire,2418,Montmagny
2418045,Cap-Saint-Ignace,2418,Montmagny
2418050,Montmagny,2418,Montmagny
2418055,Saint-Pierre-de-la-Rivière-du-Sud,2418,Montmagny
2418060,Saint-François-de-la-Rivière-du-Sud,2418,Montmagny
2418065,Berthier-sur-Mer,2418,Montmagny
2418070,Saint-Antoine-de-l'Isle-aux-Grues,2418,Montmagny
2419005,Saint-Philémon,2419,Bellechasse
2419010,Notre-Dame-Auxiliatrice-de-Buckland,2419,Bellechasse
2419015,Saint-Nazaire-de-Dorchester,2419,Bellechasse
2419020,Saint-Léon-de-Standon,2419,Bellechasse
2419025,Saint-Malachie,2419,Bellechasse
2419030,Saint-Damien-de-Buckland,2419,Bellechasse
2419037,Armagh,2419,Bellechasse
2419045,Saint-Nérée-de-Bellechasse,2419,Bellechasse
2419050,Saint-Lazare-de-Bellechasse,2419,Bellechasse
2419055,Sainte-Claire,2419,Bellechasse
2419062,Saint-Anselme,2419,Bellechasse
2419068,Saint-Henri,2419,Bellechasse
2419070,Honfleur,2419,Bellechasse
2419075,Saint-Gervais,2419,Bellechasse
2419082,Saint-Raphaël,2419,Bellechasse
2419090,La Durantaye,2419,Bellechasse
2419097,Saint-Charles-de-Bellechasse,2419,Bellechasse
2419105,Beaumont,2419,Bellechasse
2419110,Saint-Michel-de-Bellechasse,2419,Bellechasse
2419117,Saint-Vallier,2419,Bellechasse
2420005,Saint-François-de-l'Île-d'Orléans,2420,L'Île-d'Orléans
2420010,Sainte-Famille-de-l'Île-d'Orléans,2420,L'Île-d'Orléans
2420015,Saint-Jean-de-l'Île-d'Orléans,2420,L'Île-d'Orléans
2420020,Saint-Laurent-de-l'Île-d'Orléans,2420,L'Île-d'Orléans
2420025,Saint-Pierre-de-l'Île-d'Orléans,2420,L'Île-d'Orléans
2420030,Sainte-Pétronille,2420,L'Île-d'Orléans
2421005,Saint-Tite-des-Caps,2421,La Côte-de-Beaupré
2421010,Saint-Ferréol-les-Neiges,2421,La Côte-de-Beaupré
2421015,Saint-Louis-de-Gonzague-du-Cap-Tourmente,2421,La Côte-de-Beaupré
2421020,Saint-Joachim,2421,La Côte-de-Beaupré
2421025,Beaupré,2421,La Côte-de-Beaupré
2421030,Sainte-Anne-de-Beaupré,2421,La Côte-de-Beaupré
2421035,Château-Richer,2421,La Côte-de-Beaupré
2421040,L'Ange-Gardien,2421,La Côte-de-Beaupré
2421045,Boischatel,2421,La Côte-de-Beaupré
2421902,Sault-au-Cochon,2421,La Côte-de-Beaupré
2421904,Lac-Jacques-Cartier,2421,La Côte-de-Beaupré
2422005,Sainte-Catherine-de-la-Jacques-Cartier,2422,La Jacques-Cartier
2422010,Fossambault-sur-le-Lac,2422,La Jacques-Cartier
2422015,Lac-Saint-Joseph,2422,La Jacques-Cartier
2422020,Shannon,2422,La Jacques-Cartier
2422025,Saint-Gabriel-de-Valcartier,2422,La Jacques-Cartier
2422030,Lac-Delage,2422,La Jacques-Cartier
2422035,Stoneham-et-Tewkesbury,2422,La Jacques-Cartier
2422040,Lac-Beauport,2422,La Jacques-Cartier
2422045,Sainte-Brigitte-de-Laval,2422,La Jacques-Cartier
2422902,Lac-Croche,2422,La Jacques-Cartier
2423015,Notre-Dame-des-Anges,2423,Québec
2423027,Québec,2423,Québec
2423057,L'Ancienne-Lorette,2423,Québec
2423072,Saint-Augustin-de-Desmaures,2423,Québec
2423802,Wendake,2423,Québec
2425213,Lévis,2425,Lévis
2426005,Frampton,2426,La Nouvelle-Beauce
2426010,Saints-Anges,2426,La Nouvelle-Beauce
2426015,Vallée-Jonction,2426,La Nouvelle-Beauce
2426022,Saint-Elzéar,2426,La Nouvelle-Beauce
2426030,Sainte-Marie,2426,La Nouvelle-Beauce
2426035,Sainte-Marguerite,2426,La Nouvelle-Beauce
2426040,Sainte-Hénédine,2426,La Nouvelle-Beauce
2426048,Scott,2426,La Nouvelle-Beauce
2426055,Saint-Bernard,2426,La Nouvelle-Beauce
2426063,Saint-Isidore,2426,La Nouvelle-Beauce
2426070,Saint-Lambert-de-Lauzon,2426,La Nouvelle-Beauce
2427008,Saint-Victor,2427,Robert-Cliche
2427015,Saint-Alfred,2427,Robert-Cliche
2427028,Beauceville,2427,Robert-Cliche
2427035,Saint-Odilon-de-Cranbourne,2427,Robert-Cliche
2427043,Saint-Joseph-de-Beauce,2427,Robert-Cliche
2427050,Saint-Joseph-des-Érables,2427,Robert-Cliche
2427055,Saint-Jules,2427,Robert-Cliche
2427060,Tring-Jonction,2427,Robert-Cliche
2427065,Saint-Frédéric,2427,Robert-Cliche
2427070,Saint-Séverin,2427,Robert-Cliche
2428005,Saint-Zacharie,2428,Les Etchemins
2428015,Sainte-Aurélie,2428,Les Etchemins
2428020,Saint-Prosper,2428,Les Etchemins
2428025,Saint-Benjamin,2428,Les Etchemins
2428030,Sainte-Rose-de-Watford,2428,Les Etchemins
2428035,Saint-Louis-de-Gonzague,2428,Les Etchemins
2428040,Saint-Cyprien,2428,Les Etchemins
2428045,Sainte-Justine,2428,Les Etchemins
2428053,Lac-Etchemin,2428,Les Etchemins
2428060,Saint-Luc-de-Bellechasse,2428,Les Etchemins
2428065,Sainte-Sabine,2428,Les Etchemins
2428070,Saint-Camille-de-Lellis,2428,Les Etchemins
2428075,Saint-Magloire,2428,Les Etchemins
2429005,Saint-Théophile,2429,Beauce-Sartigan
2429013,Saint-Gédéon-de-Beauce,2429,Beauce-Sartigan
2429020,Saint-Hilaire-de-Dorset,2429,Beauce-Sartigan
2429025,Saint-Évariste-de-Forsyth,2429,Beauce-Sartigan
2429030,La Guadeloupe,2429,Beauce-Sartigan
2429038,Saint-Honoré-de-Shenley,2429,Beauce-Sartigan
2429045,Saint-Martin,2429,Beauce-Sartigan
2429050,Saint-René,2429,Beauce-Sartigan
2429057,Saint-Côme--Linière,2429,Beauce-Sartigan
2429065,Saint-Philibert,2429,Beauce-Sartigan
2429073,Saint-Georges,2429,Beauce-Sartigan
2429095,Lac-Poulin,2429,Beauce-Sartigan
2429100,Saint-Benoît-Labre,2429,Beauce-Sartigan
2429112,Saint-Éphrem-de-Beauce,2429,Beauce-Sartigan
2429120,Notre-Dame-des-Pins,2429,Beauce-Sartigan
2429125,Saint-Simon-les-Mines,2429,Beauce-Sartigan
2430005,Saint-Augustin-de-Woburn,2430,Le Granit
2430010,Notre-Dame-des-Bois,2430,Le Granit
2430015,Val-Racine,2430,Le Granit
2430020,Piopolis,2430,Le Granit
2430025,Frontenac,2430,Le Granit
2430030,Lac-Mégantic,2430,Le Granit
2430035,Marston,2430,Le Granit
2430040,Milan,2430,Le Granit
2430045,Nantes,2430,Le Granit
2430050,Sainte-Cécile-de-Whitton,2430,Le Granit
2430055,Audet,2430,Le Granit
2430070,Saint-Robert-Bellarmin,2430,Le Granit
2430072,Saint-Ludger,2430,Le Granit
2430080,Lac-Drolet,2430,Le Granit
2430085,Saint-Sébastien,2430,Le Granit
2430090,Courcelles,2430,Le Granit
2430095,Lambton,2430,Le Granit
2430100,Saint-Romain,2430,Le Granit
2430105,Stornoway,2430,Le Granit
2430110,Stratford,2430,Le Granit
2431008,Beaulac-Garthby,2431,Les Appalaches
2431015,Disraeli,2431,Les Appalaches
2431020,Disraeli,2431,Les Appalaches
2431025,Saint-Jacques-le-Majeur-de-Wolfestown,2431,Les Appalaches
2431030,Saint-Fortunat,2431,Les Appalaches
2431035,Saint-Julien,2431,Les Appalaches
2431040,Irlande,2431,Les Appalaches
2431045,Saint-Joseph-de-Coleraine,2431,Les Appalaches
2431050,Sainte-Praxède,2431,Les Appalaches
2431056,Adstock,2431,Les Appalaches
2431060,Sainte-Clotilde-de-Beauce,2431,Les Appalaches
2431084,Thetford Mines,2431,Les Appalaches
2431095,Saint-Adrien-d'Irlande,2431,Les Appalaches
2431100,Saint-Jean-de-Brébeuf,2431,Les Appalaches
2431105,Kinnear's Mills,2431,Les Appalaches
2431122,East Broughton,2431,Les Appalaches
2431130,Sacré-Coeur-de-Jésus,2431,Les Appalaches
2431135,Saint-Pierre-de-Broughton,2431,Les Appalaches
2431140,Saint-Jacques-de-Leeds,2431,Les Appalaches
2432013,Saint-Ferdinand,2432,L'Érable
2432023,Sainte-Sophie-d'Halifax,2432,L'Érable
2432033,Princeville,2432,L'Érable
2432040,Plessisville,2432,L'Érable
2432045,Plessisville,2432,L'Érable
2432050,Saint-Pierre-Baptiste,2432,L'Érable
2432058,Inverness,2432,L'Érable
2432065,Lyster,2432,L'Érable
2432072,Laurierville,2432,L'Érable
2432080,Notre-Dame-de-Lourdes,2432,L'Érable
2432085,Villeroy,2432,L'Érable
2433007,Saint-Sylvestre,2433,Lotbinière
2433017,Sainte-Agathe-de-Lotbinière,2433,Lotbinière
2433025,Saint-Patrice-de-Beaurivage,2433,Lotbinière
2433030,Saint-Narcisse-de-Beaurivage,2433,Lotbinière
2433035,Saint-Gilles,2433,Lotbinière
2433040,Dosquet,2433,Lotbinière
2433045,Saint-Agapit,2433,Lotbinière
2433052,Saint-Flavien,2433,Lotbinière
2433060,Laurier-Station,2433,Lotbinière
2433065,Saint-Janvier-de-Joly,2433,Lotbinière
2433070,Val-Alain,2433,Lotbinière
2433080,Saint-Édouard-de-Lotbinière,2433,Lotbinière
2433085,Notre-Dame-du-Sacré-Coeur-d'Issoudun,2433,Lotbinière
2433090,Saint-Apollinaire,2433,Lotbinière
2433095,Saint-Antoine-de-Tilly,2433,Lotbinière
2433102,Sainte-Croix,2433,Lotbinière
2433115,Lotbinière,2433,Lotbinière
2433123,Leclercville,2433,Lotbinière
2434007,Neuville,2434,Portneuf
2434017,Pont-Rouge,2434,Portneuf
2434025,Donnacona,2434,Portneuf
2434030,Cap-Santé,2434,Portneuf
2434038,Saint-Basile,2434,Portneuf
2434048,Portneuf,2434,Portneuf
2434058,Deschambault-Grondines,2434,Portneuf
2434060,Saint-Gilbert,2434,Portneuf
2434065,Saint-Marc-des-Carrières,2434,Portneuf
2434078,Saint-Casimir,2434,Portneuf
2434085,Saint-Thuribe,2434,Portneuf
2434090,Saint-Ubalde,2434,Portneuf
2434097,Saint-Alban,2434,Portneuf
2434105,Sainte-Christine-d'Auvergne,2434,Portneuf
2434115,Saint-Léonard-de-Portneuf,2434,Portneuf
2434120,Lac-Sergent,2434,Portneuf
2434128,Saint-Raymond,2434,Portneuf
2434135,Rivière-à-Pierre,2434,Portneuf
2434902,Lac-Blanc,2434,Portneuf
2434904,Linton,2434,Portneuf
2434906,Lac-Lapeyrère,2434,Portneuf
2435005,Notre-Dame-de-Montauban,2435,Mékinac
2435010,Lac-aux-Sables,2435,Mékinac
2435015,Saint-Adelphe,2435,Mékinac
2435020,Saint-Séverin,2435,Mékinac
2435027,Saint-Tite,2435,Mékinac
2435035,Hérouxville,2435,Mékinac
2435040,Grandes-Piles,2435,Mékinac
2435045,Saint-Roch-de-Mékinac,2435,Mékinac
2435050,Sainte-Thècle,2435,Mékinac
2435055,Trois-Rives,2435,Mékinac
2435902,Lac-Masketsi,2435,Mékinac
2435904,Lac-Normand,2435,Mékinac
2435906,Rivière-de-la-Savane,2435,Mékinac
2435908,Lac-Boulé,2435,Mékinac
2436033,Shawinigan,2436,Shawinigan
2437067,Trois-Rivières,2437,Francheville
2437205,Sainte-Anne-de-la-Pérade,2437,Francheville
2437210,Batiscan,2437,Francheville
2437215,Sainte-Geneviève-de-Batiscan,2437,Francheville
2437220,Champlain,2437,Francheville
2437225,Saint-Luc-de-Vincennes,2437,Francheville
2437230,Saint-Maurice,2437,Francheville
2437235,Notre-Dame-du-Mont-Carmel,2437,Francheville
2437240,Saint-Narcisse,2437,Francheville
2437245,Saint-Stanislas,2437,Francheville
2437250,Saint-Prosper-de-Champlain,2437,Francheville
2438005,Saint-Sylvère,2438,Bécancour
2438010,Bécancour,2438,Bécancour
2438015,Sainte-Marie-de-Blandford,2438,Bécancour
2438020,Lemieux,2438,Bécancour
2438028,Manseau,2438,Bécancour
2438035,Sainte-Françoise,2438,Bécancour
2438040,Sainte-Sophie-de-Lévrard,2438,Bécancour
2438047,Fortierville,2438,Bécancour
2438055,Parisville,2438,Bécancour
2438060,Sainte-Cécile-de-Lévrard,2438,Bécancour
2438065,Saint-Pierre-les-Becquets,2438,Bécancour
2438070,Deschaillons-sur-Saint-Laurent,2438,Bécancour
2438802,Wôlinak,2438,Bécancour
2439005,Saints-Martyrs-Canadiens,2439,Arthabaska
2439010,Ham-Nord,2439,Arthabaska
2439015,Notre-Dame-de-Ham,2439,Arthabaska
2439020,Saint-Rémi-de-Tingwick,2439,Arthabaska
2439025,Tingwick,2439,Arthabaska
2439030,Chesterville,2439,Arthabaska
2439035,Sainte-Hélène-de-Chester,2439,Arthabaska
2439043,Saint-Norbert-d'Arthabaska,2439,Arthabaska
2439060,Saint-Christophe-d'Arthabaska,2439,Arthabaska
2439062,Victoriaville,2439,Arthabaska
2439077,Warwick,2439,Arthabaska
2439085,Saint-Albert,2439,Arthabaska
2439090,Sainte-Élizabeth-de-Warwick,2439,Arthabaska
2439097,Kingsey Falls,2439,Arthabaska
2439105,Sainte-Séraphine,2439,Arthabaska
2439117,Sainte-Clotilde-de-Horton,2439,Arthabaska
2439130,Saint-Samuel,2439,Arthabaska
2439135,Saint-Valère,2439,Arthabaska
2439145,Saint-Rosaire,2439,Arthabaska
2439152,Daveluyville,2439,Arthabaska
2439165,Maddington Falls,2439,Arthabaska
2439170,Saint-Louis-de-Blandford,2439,Arthabaska
2440005,Ham-Sud,2440,Les Sources
2440010,Saint-Adrien,2440,Les Sources
2440017,Wotton,2440,Les Sources
2440025,Saint-Camille,2440,Les Sources
2440032,Saint-Georges-de-Windsor,2440,Les Sources
2440043,Val-des-Sources,2440,Les Sources
2440047,Danville,2440,Les Sources
2441012,Saint-Isidore-de-Clifton,2441,Le Haut-Saint-François
2441020,Chartierville,2441,Le Haut-Saint-François
2441027,La Patrie,2441,Le Haut-Saint-François
2441037,Newport,2441,Le Haut-Saint-François
2441038,Cookshire-Eaton,2441,Le Haut-Saint-François
2441055,Ascot Corner,2441,Le Haut-Saint-François
2441060,East Angus,2441,Le Haut-Saint-François
2441065,Westbury,2441,Le Haut-Saint-François
2441070,Bury,2441,Le Haut-Saint-François
2441075,Hampden,2441,Le Haut-Saint-François
2441080,Scotstown,2441,Le Haut-Saint-François
2441085,Lingwick,2441,Le Haut-Saint-François
2441098,Weedon,2441,Le Haut-Saint-François
2441117,Dudswell,2441,Le Haut-Saint-François
2442005,Stoke,2442,Le Val-Saint-François
2442020,Saint-François-Xavier-de-Brompton,2442,Le Val-Saint-François
2442025,Saint-Denis-de-Brompton,2442,Le Val-Saint-François
2442032,Racine,2442,Le Val-Saint-François
2442040,Bonsecours,2442,Le Val-Saint-François
2442045,Lawrenceville,2442,Le Val-Saint-François
2442050,Sainte-Anne-de-la-Rochelle,2442,Le Val-Saint-François
2442055,Valcourt,2442,Le Val-Saint-François
2442060,Valcourt,2442,Le Val-Saint-François
2442065,Maricourt,2442,Le Val-Saint-François
2442070,Kingsbury,2442,Le Val-Saint-François
2442075,Melbourne,2442,Le Val-Saint-François
2442078,Ulverton,2442,Le Val-Saint-François
2442088,Windsor,2442,Le Val-Saint-François
2442095,Val-Joli,2442,Le Val-Saint-François
2442098,Richmond,2442,Le Val-Saint-François
2442100,Saint-Claude,2442,Le Val-Saint-François
2442110,Cleveland,2442,Le Val-Saint-François
2443027,Sherbrooke,2443,Sherbrooke
2444003,Saint-Malo,2444,Coaticook
2444005,Saint-Venant-de-Paquette,2444,Coaticook
2444010,East Hereford,2444,Coaticook
2444015,Saint-Herménégilde,2444,Coaticook
2444023,Dixville,2444,Coaticook
2444037,Coaticook,2444,Coaticook
2444045,Barnston-Ouest,2444,Coaticook
2444050,Stanstead-Est,2444,Coaticook
2444055,Sainte-Edwidge-de-Clifton,2444,Coaticook
2444060,Martinville,2444,Coaticook
2444071,Compton,2444,Coaticook
2444080,Waterville,2444,Coaticook
2445008,Stanstead,2445,Memphrémagog
2445020,Ogden,2445,Memphrémagog
2445025,Stanstead,2445,Memphrémagog
2445030,Potton,2445,Memphrémagog
2445035,Ayer's Cliff,2445,Memphrémagog
2445043,Hatley,2445,Memphrémagog
2445050,North Hatley,2445,Memphrémagog
2445055,Hatley,2445,Memphrémagog
2445060,Sainte-Catherine-de-Hatley,2445,Memphrémagog
2445072,Magog,2445,Memphrémagog
2445080,Saint-Benoît-du-Lac,2445,Memphrémagog
2445085,Austin,2445,Memphrémagog
2445093,Eastman,2445,Memphrémagog
2445095,Bolton-Est,2445,Memphrémagog
2445100,Saint-Étienne-de-Bolton,2445,Memphrémagog
2445105,Stukely-Sud,2445,Memphrémagog
2445115,Orford,2445,Memphrémagog
2446005,Abercorn,2446,Brome-Missisquoi
2446010,Frelighsburg,2446,Brome-Missisquoi
2446017,Saint-Armand,2446,Brome-Missisquoi
2446025,Pike River,2446,Brome-Missisquoi
2446030,Stanbridge Station,2446,Brome-Missisquoi
2446035,Bedford,2446,Brome-Missisquoi
2446040,Bedford,2446,Brome-Missisquoi
2446045,Stanbridge East,2446,Brome-Missisquoi
2446050,Dunham,2446,Brome-Missisquoi
2446058,Sutton,2446,Brome-Missisquoi
2446065,Bolton-Ouest,2446,Brome-Missisquoi
2446070,Brome,2446,Brome-Missisquoi
2446075,Lac-Brome,2446,Brome-Missisquoi
2446078,Bromont,2446,Brome-Missisquoi
2446080,Cowansville,2446,Brome-Missisquoi
2446085,East Farnham,2446,Brome-Missisquoi
2446090,Brigham,2446,Brome-Missisquoi
2446095,Saint-Ignace-de-Stanbridge,2446,Brome-Missisquoi
2446100,Notre-Dame-de-Stanbridge,2446,Brome-Missisquoi
2446105,Sainte-Sabine,2446,Brome-Missisquoi
2446112,Farnham,2446,Brome-Missisquoi
2447010,Saint-Alphonse-de-Granby,2447,La Haute-Yamaska
2447017,Granby,2447,La Haute-Yamaska
2447025,Waterloo,2447,La Haute-Yamaska
2447030,Warden,2447,La Haute-Yamaska
2447035,Shefford,2447,La Haute-Yamaska
2447040,Saint-Joachim-de-Shefford,2447,La Haute-Yamaska
2447047,Roxton Pond,2447,La Haute-Yamaska
2447055,Sainte-Cécile-de-Milton,2447,La Haute-Yamaska
2448005,Béthanie,2448,Acton
2448010,Roxton Falls,2448,Acton
2448015,Roxton,2448,Acton
2448020,Sainte-Christine,2448,Acton
2448028,Acton Vale,2448,Acton
2448038,Upton,2448,Acton
2448045,Saint-Théodore-d'Acton,2448,Acton
2448050,Saint-Nazaire-d'Acton,2448,Acton
2449005,Saint-Félix-de-Kingsey,2449,Drummond
2449015,Durham-Sud,2449,Drummond
2449020,Lefebvre,2449,Drummond
2449025,L'Avenir,2449,Drummond
2449030,Saint-Lucien,2449,Drummond
2449040,Wickham,2449,Drummond
2449048,Saint-Germain-de-Grantham,2449,Drummond
2449058,Drummondville,2449,Drummond
2449070,Saint-Cyrille-de-Wendover,2449,Drummond
2449075,Notre-Dame-du-Bon-Conseil,2449,Drummond
2449080,Notre-Dame-du-Bon-Conseil,2449,Drummond
2449085,Sainte-Brigitte-des-Saults,2449,Drummond
2449095,Saint-Majorique-de-Grantham,2449,Drummond
2449100,Saint-Edmond-de-Grantham,2449,Drummond
2449105,Saint-Eugène,2449,Drummond
2449113,Saint-Guillaume,2449,Drummond
2449125,Saint-Bonaventure,2449,Drummond
2449130,Saint-Pie-de-Guire,2449,Drummond
2450005,Sainte-Eulalie,2450,Nicolet-Yamaska
2450013,Aston-Jonction,2450,Nicolet-Yamaska
2450023,Saint-Wenceslas,2450,Nicolet-Yamaska
2450030,Saint-Célestin,2450,Nicolet-Yamaska
2450035,Saint-Célestin,2450,Nicolet-Yamaska
2450042,Saint-Léonard-d'Aston,2450,Nicolet-Yamaska
2450050,Sainte-Perpétue,2450,Nicolet-Yamaska
2450057,Sainte-Monique,2450,Nicolet-Yamaska
2450065,Grand-Saint-Esprit,2450,Nicolet-Yamaska
2450072,Nicolet,2450,Nicolet-Yamaska
2450085,La Visitation-de-Yamaska,2450,Nicolet-Yamaska
2450090,Saint-Zéphirin-de-Courval,2450,Nicolet-Yamaska
2450095,Saint-Elphège,2450,Nicolet-Yamaska
2450100,Baie-du-Febvre,2450,Nicolet-Yamaska
2450113,Pierreville,2450,Nicolet-Yamaska
2450128,Saint-François-du-Lac,2450,Nicolet-Yamaska
2450802,Odanak,2450,Nicolet-Yamaska
2451008,Maskinongé,2451,Maskinongé
2451015,Louiseville,2451,Maskinongé
2451020,Yamachiche,2451,Maskinongé
2451025,Saint-Barnabé,2451,Maskinongé
2451030,Saint-Sévère,2451,Maskinongé
2451035,Saint-Léon-le-Grand,2451,Maskinongé
2451040,Sainte-Ursule,2451,Maskinongé
2451045,Saint-Justin,2451,Maskinongé
2451050,Saint-Édouard-de-Maskinongé,2451,Maskinongé
2451055,Sainte-Angèle-de-Prémont,2451,Maskinongé
2451060,Saint-Paulin,2451,Maskinongé
2451065,Saint-Alexis-des-Monts,2451,Maskinongé
2451070,Saint-Mathieu-du-Parc,2451,Maskinongé
2451075,Saint-Élie-de-Caxton,2451,Maskinongé
2451080,Charette,2451,Maskinongé
2451085,Saint-Boniface,2451,Maskinongé
2451090,Saint-Étienne-des-Grès,2451,Maskinongé
2452007,Lavaltrie,2452,D'Autray
2452017,Lanoraie,2452,D'Autray
2452030,Sainte-Élisabeth,2452,D'Autray
2452035,Berthierville,2452,D'Autray
2452040,Sainte-Geneviève-de-Berthier,2452,D'Autray
2452045,Saint-Ignace-de-Loyola,2452,D'Autray
2452050,La Visitation-de-l'Île-Dupas,2452,D'Autray
2452055,Saint-Barthélemy,2452,D'Autray
2452062,Saint-Cuthbert,2452,D'Autray
2452070,Saint-Norbert,2452,D'Autray
2452075,Saint-Cléophas-de-Brandon,2452,D'Autray
2452080,Saint-Gabriel,2452,D'Autray
2452085,Saint-Gabriel-de-Brandon,2452,D'Autray
2452090,Saint-Didace,2452,D'Autray
2452095,Mandeville,2452,D'Autray
2453005,Saint-David,2453,Pierre-De Saurel
2453010,Massueville,2453,Pierre-De Saurel
2453015,Saint-Aimé,2453,Pierre-De Saurel
2453020,Saint-Robert,2453,Pierre-De Saurel
2453025,Sainte-Victoire-de-Sorel,2453,Pierre-De Saurel
2453032,Saint-Ours,2453,Pierre-De Saurel
2453040,Saint-Roch-de-Richelieu,2453,Pierre-De Saurel
2453050,Saint-Joseph-de-Sorel,2453,Pierre-De Saurel
2453052,Sorel-Tracy,2453,Pierre-De Saurel
2453065,Sainte-Anne-de-Sorel,2453,Pierre-De Saurel
2453072,Yamaska,2453,Pierre-De Saurel
2453085,Saint-Gérard-Majella,2453,Pierre-De Saurel
2454008,Saint-Pie,2454,Les Maskoutains
2454017,Saint-Damase,2454,Les Maskoutains
2454025,Sainte-Madeleine,2454,Les Maskoutains
2454030,Sainte-Marie-Madeleine,2454,Les Maskoutains
2454035,La Présentation,2454,Les Maskoutains
2454048,Saint-Hyacinthe,2454,Les Maskoutains
2454060,Saint-Dominique,2454,Les Maskoutains
2454065,Saint-Valérien-de-Milton,2454,Les Maskoutains
2454072,Saint-Liboire,2454,Les Maskoutains
2454090,Saint-Simon,2454,Les Maskoutains
2454095,Sainte-Hélène-de-Bagot,2454,Les Maskoutains
2454100,Saint-Hugues,2454,Les Maskoutains
2454105,Saint-Barnabé-Sud,2454,Les Maskoutains
2454110,Saint-Jude,2454,Les Maskoutains
2454115,Saint-Bernard-de-Michaudville,2454,Les Maskoutains
2454120,Saint-Louis,2454,Les Maskoutains
2454125,Saint-Marcel-de-Richelieu,2454,Les Maskoutains
2455008,Ange-Gardien,2455,Rouville
2455015,Saint-Paul-d'Abbotsford,2455,Rouville
2455023,Saint-Césaire,2455,Rouville
2455030,Sainte-Angèle-de-Monnoir,2455,Rouville
2455037,Rougemont,2455,Rouville
2455048,Marieville,2455,Rouville
2455057,Richelieu,2455,Rouville
2455065,Saint-Mathias-sur-Richelieu,2455,Rouville
2456005,Venise-en-Québec,2456,Le Haut-Richelieu
2456010,Saint-Georges-de-Clarenceville,2456,Le Haut-Richelieu
2456015,Noyan,2456,Le Haut-Richelieu
2456023,Lacolle,2456,Le Haut-Richelieu
2456030,Saint-Valentin,2456,Le Haut-Richelieu
2456035,Saint-Paul-de-l'Île-aux-Noix,2456,Le Haut-Richelieu
2456042,Henryville,2456,Le Haut-Richelieu
2456050,Saint-Sébastien,2456,Le Haut-Richelieu
2456055,Saint-Alexandre,2456,Le Haut-Richelieu
2456060,Sainte-Anne-de-Sabrevois,2456,Le Haut-Richelieu
2456065,Saint-Blaise-sur-Richelieu,2456,Le Haut-Richelieu
2456083,Saint-Jean-sur-Richelieu,2456,Le Haut-Richelieu
2456097,Mont-Saint-Grégoire,2456,Le Haut-Richelieu
2456105,Sainte-Brigide-d'Iberville,2456,Le Haut-Richelieu
2457005,Chambly,2457,La Vallée-du-Richelieu
2457010,Carignan,2457,La Vallée-du-Richelieu
2457020,Saint-Basile-le-Grand,2457,La Vallée-du-Richelieu
2457025,McMasterville,2457,La Vallée-du-Richelieu
2457030,Otterburn Park,2457,La Vallée-du-Richelieu
2457033,Saint-Jean-Baptiste,2457,La Vallée-du-Richelieu
2457035,Mont-Saint-Hilaire,2457,La Vallée-du-Richelieu
2457040,Beloeil,2457,La Vallée-du-Richelieu
2457045,Saint-Mathieu-de-Beloeil,2457,La Vallée-du-Richelieu
2457050,Saint-Marc-sur-Richelieu,2457,La Vallée-du-Richelieu
2457057,Saint-Charles-sur-Richelieu,2457,La Vallée-du-Richelieu
2457068,Saint-Denis-sur-Richelieu,2457,La Vallée-du-Richelieu
2457075,Saint-Antoine-sur-Richelieu,2457,La Vallée-du-Richelieu
2458007,Brossard,2458,Longueuil
2458012,Saint-Lambert,2458,Longueuil
2458033,Boucherville,2458,Longueuil
2458037,Saint-Bruno-de-Montarville,2458,Longueuil
2458227,Longueuil,2458,Longueuil
2459010,Sainte-Julie,2459,Marguerite-D'Youville
2459015,Saint-Amable,2459,Marguerite-D'Youville
2459020,Varennes,2459,Marguerite-D'Youville
2459025,Verchères,2459,Marguerite-D'Youville
2459030,Calixa-Lavallée,2459,Marguerite-D'Youville
2459035,Contrecoeur,2459,Marguerite-D'Youville
2460005,Charlemagne,2460,L'Assomption
2460013,Repentigny,2460,L'Assomption
2460020,Saint-Sulpice,2460,L'Assomption
2460028,L'Assomption,2460,L'Assomption
2460037,L'Épiphanie,2460,L'Assomption
2461005,Saint-Paul,2461,Joliette
2461013,Crabtree,2461,Joliette
2461020,Saint-Pierre,2461,Joliette
2461025,Joliette,2461,Joliette
2461027,Saint-Thomas,2461,Joliette
2461030,Notre-Dame-des-Prairies,2461,Joliette
2461035,Saint-Charles-Borromée,2461,Joliette
2461040,Saint-Ambroise-de-Kildare,2461,Joliette
2461045,Notre-Dame-de-Lourdes,2461,Joliette
2461050,Sainte-Mélanie,2461,Joliette
2462007,Saint-Félix-de-Valois,2462,Matawinie
2462015,Saint-Jean-de-Matha,2462,Matawinie
2462020,Sainte-Béatrix,2462,Matawinie
2462025,Saint-Alphonse-Rodriguez,2462,Matawinie
2462030,Sainte-Marcelline-de-Kildare,2462,Matawinie
2462037,Rawdon,2462,Matawinie
2462047,Chertsey,2462,Matawinie
2462053,Entrelacs,2462,Matawinie
2462055,Notre-Dame-de-la-Merci,2462,Matawinie
2462060,Saint-Donat,2462,Matawinie
2462065,Saint-Côme,2462,Matawinie
2462070,Sainte-Émélie-de-l'Énergie,2462,Matawinie
2462075,Saint-Damien,2462,Matawinie
2462080,Saint-Zénon,2462,Matawinie
2462085,Saint-Michel-des-Saints,2462,Matawinie
2462802,Communauté Atikamekw de Manawan,2462,Matawinie
2462902,Lac-Minaki,2462,Matawinie
2462904,Lac-Devenyns,2462,Matawinie
2462906,Baie-de-la-Bouteille,2462,Matawinie
2462908,Lac-Matawin,2462,Matawinie
2462910,Lac-Legendre,2462,Matawinie
2462912,Saint-Guillaume-Nord,2462,Matawinie
2462914,Lac-des-Dix-Milles,2462,Matawinie
2462916,Lac-Santé,2462,Matawinie
2462918,Baie-Obaoca,2462,Matawinie
2462919,Lac-Cabasta,2462,Matawinie
2462920,Baie-Atibenne,2462,Matawinie
2462922,Lac-du-Taureau,2462,Matawinie
2463005,Sainte-Marie-Salomé,2463,Montcalm
2463013,Saint-Jacques,2463,Montcalm
2463023,Saint-Alexis,2463,Montcalm
2463030,Saint-Esprit,2463,Montcalm
2463035,Saint-Roch-de-l'Achigan,2463,Montcalm
2463040,Saint-Roch-Ouest,2463,Montcalm
2463048,Saint-Lin--Laurentides,2463,Montcalm
2463055,Saint-Calixte,2463,Montcalm
2463060,Sainte-Julienne,2463,Montcalm
2463065,Saint-Liguori,2463,Montcalm
2464008,Terrebonne,2464,Les Moulins
2464015,Mascouche,2464,Les Moulins
2465005,Laval,2465,Laval
2466007,Montréal-Est,2466,Montréal
2466023,Montréal,2466,Montréal
2466032,Westmount,2466,Montréal
2466047,Montréal-Ouest,2466,Montréal
2466058,Côte-Saint-Luc,2466,Montréal
2466062,Hampstead,2466,Montréal
2466072,Mont-Royal,2466,Montréal
2466087,Dorval,2466,Montréal
2466092,L'Île-Dorval,2466,Montréal
2466097,Pointe-Claire,2466,Montréal
2466102,Kirkland,2466,Montréal
2466107,Beaconsfield,2466,Montréal
2466112,Baie-D'Urfé,2466,Montréal
2466117,Sainte-Anne-de-Bellevue,2466,Montréal
2466127,Senneville,2466,Montréal
2466142,Dollard-Des Ormeaux,2466,Montréal
2467005,Saint-Mathieu,2467,Roussillon
2467010,Saint-Philippe,2467,Roussillon
2467015,La Prairie,2467,Roussillon
2467020,Candiac,2467,Roussillon
2467025,Delson,2467,Roussillon
2467030,Sainte-Catherine,2467,Roussillon
2467035,Saint-Constant,2467,Roussillon
2467040,Saint-Isidore,2467,Roussillon
2467045,Mercier,2467,Roussillon
2467050,Châteauguay,2467,Roussillon
2467055,Léry,2467,Roussillon
2467802,Kahnawake,2467,Roussillon
2468005,Saint-Bernard-de-Lacolle,2468,Les Jardins-de-Napierville
2468010,Hemmingford,2468,Les Jardins-de-Napierville
2468015,Hemmingford,2468,Les Jardins-de-Napierville
2468020,Sainte-Clotilde,2468,Les Jardins-de-Napierville
2468025,Saint-Patrice-de-Sherrington,2468,Les Jardins-de-Napierville
2468030,Napierville,2468,Les Jardins-de-Napierville
2468035,Saint-Cyprien-de-Napierville,2468,Les Jardins-de-Napierville
2468040,Saint-Jacques-le-Mineur,2468,Les Jardins-de-Napierville
2468045,Saint-Édouard,2468,Les Jardins-de-Napierville
2468050,Saint-Michel,2468,Les Jardins-de-Napierville
2468055,Saint-Rémi,2468,Les Jardins-de-Napierville
2469005,Havelock,2469,Le Haut-Saint-Laurent
2469010,Franklin,2469,Le Haut-Saint-Laurent
2469017,Saint-Chrysostome,2469,Le Haut-Saint-Laurent
2469025,Howick,2469,Le Haut-Saint-Laurent
2469030,Très-Saint-Sacrement,2469,Le Haut-Saint-Laurent
2469037,Ormstown,2469,Le Haut-Saint-Laurent
2469045,Hinchinbrooke,2469,Le Haut-Saint-Laurent
2469050,Elgin,2469,Le Haut-Saint-Laurent
2469055,Huntingdon,2469,Le Haut-Saint-Laurent
2469060,Godmanchester,2469,Le Haut-Saint-Laurent
2469065,Sainte-Barbe,2469,Le Haut-Saint-Laurent
2469070,Saint-Anicet,2469,Le Haut-Saint-Laurent
2469075,Dundee,2469,Le Haut-Saint-Laurent
2469802,Akwesasne,2469,Le Haut-Saint-Laurent
2470005,Saint-Urbain-Premier,2470,Beauharnois-Salaberry
2470012,Sainte-Martine,2470,Beauharnois-Salaberry
2470022,Beauharnois,2470,Beauharnois-Salaberry
2470030,Saint-Étienne-de-Beauharnois,2470,Beauharnois-Salaberry
2470035,Saint-Louis-de-Gonzague,2470,Beauharnois-Salaberry
2470040,Saint-Stanislas-de-Kostka,2470,Beauharnois-Salaberry
2470052,Salaberry-de-Valleyfield,2470,Beauharnois-Salaberry
2471005,Rivière-Beaudette,2471,Vaudreuil-Soulanges
2471015,Saint-Télesphore,2471,Vaudreuil-Soulanges
2471020,Saint-Polycarpe,2471,Vaudreuil-Soulanges
2471025,Saint-Zotique,2471,Vaudreuil-Soulanges
2471033,Les Coteaux,2471,Vaudreuil-Soulanges
2471040,Coteau-du-Lac,2471,Vaudreuil-Soulanges
2471045,Saint-Clet,2471,Vaudreuil-Soulanges
2471050,Les Cèdres,2471,Vaudreuil-Soulanges
2471055,Pointe-des-Cascades,2471,Vaudreuil-Soulanges
2471060,L'Île-Perrot,2471,Vaudreuil-Soulanges
2471065,Notre-Dame-de-l'Île-Perrot,2471,Vaudreuil-Soulanges
2471070,Pincourt,2471,Vaudreuil-Soulanges
2471075,Terrasse-Vaudreuil,2471,Vaudreuil-Soulanges
2471083,Vaudreuil-Dorion,2471,Vaudreuil-Soulanges
2471090,Vaudreuil-sur-le-Lac,2471,Vaudreuil-Soulanges
2471095,L'Île-Cadieux,2471,Vaudreuil-Soulanges
2471100,Hudson,2471,Vaudreuil-Soulanges
2471105,Saint-Lazare,2471,Vaudreuil-Soulanges
2471110,Sainte-Marthe,2471,Vaudreuil-Soulanges
2471115,Sainte-Justine-de-Newton,2471,Vaudreuil-Soulanges
2471125,Très-Saint-Rédempteur,2471,Vaudreuil-Soulanges
2471133,Rigaud,2471,Vaudreuil-Soulanges
2471140,Pointe-Fortune,2471,Vaudreuil-Soulanges
2472005,Saint-Eustache,2472,Deux-Montagnes
2472010,Deux-Montagnes,2472,Deux-Montagnes
2472015,Sainte-Marthe-sur-le-Lac,2472,Deux-Montagnes
2472020,Pointe-Calumet,2472,Deux-Montagnes
2472025,Saint-Joseph-du-Lac,2472,Deux-Montagnes
2472032,Oka,2472,Deux-Montagnes
2472043,Saint-Placide,2472,Deux-Montagnes
2472802,Kanesatake,2472,Deux-Montagnes
2473005,Boisbriand,2473,Thérèse-De Blainville
2473010,Sainte-Thérèse,2473,Thérèse-De Blainville
2473015,Blainville,2473,Thérèse-De Blainville
2473020,Rosemère,2473,Thérèse-De Blainville
2473025,Lorraine,2473,Thérèse-De Blainville
2473030,Bois-des-Filion,2473,Thérèse-De Blainville
2473035,Sainte-Anne-des-Plaines,2473,Thérèse-De Blainville
2474005,Mirabel,2474,Mirabel
2475005,Saint-Colomban,2475,La Rivière-du-Nord
2475017,Saint-Jérôme,2475,La Rivière-du-Nord
2475028,Sainte-Sophie,2475,La Rivière-du-Nord
2475040,Prévost,2475,La Rivière-du-Nord
2475045,Saint-Hippolyte,2475,La Rivière-du-Nord
2476008,Saint-André-d'Argenteuil,2476,Argenteuil
2476020,Lachute,2476,Argenteuil
2476025,Gore,2476,Argenteuil
2476030,Mille-Isles,2476,Argenteuil
2476035,Wentworth,2476,Argenteuil
2476043,Brownsburg-Chatham,2476,Argenteuil
2476052,Grenville-sur-la-Rouge,2476,Argenteuil
2476055,Grenville,2476,Argenteuil
2476065,Harrington,2476,Argenteuil
2477011,Estérel,2477,Les Pays-d'en-Haut
2477012,Sainte-Marguerite-du-Lac-Masson,2477,Les Pays-d'en-Haut
2477022,Sainte-Adèle,2477,Les Pays-d'en-Haut
2477030,Piedmont,2477,Les Pays-d'en-Haut
2477035,Sainte-Anne-des-Lacs,2477,Les Pays-d'en-Haut
2477043,Saint-Sauveur,2477,Les Pays-d'en-Haut
2477050,Morin-Heights,2477,Les Pays-d'en-Haut
2477055,Lac-des-Seize-Îles,2477,Les Pays-d'en-Haut
2477060,Wentworth-Nord,2477,Les Pays-d'en-Haut
2477065,Saint-Adolphe-d'Howard,2477,Les Pays-d'en-Haut
2478005,Val-Morin,2478,Les Laurentides
2478010,Val-David,2478,Les Laurentides
2478015,Lantier,2478,Les Laurentides
2478020,Sainte-Lucie-des-Laurentides,2478,Les Laurentides
2478032,Sainte-Agathe-des-Monts,2478,Les Laurentides
2478042,Ivry-sur-le-Lac,2478,Les Laurentides
2478047,Saint-Faustin--Lac-Carré,2478,Les Laurentides
2478050,Barkmere,2478,Les Laurentides
2478055,Montcalm,2478,Les Laurentides
2478060,Arundel,2478,Les Laurentides
2478065,Huberdeau,2478,Les Laurentides
2478070,Amherst,2478,Les Laurentides
2478075,Brébeuf,2478,Les Laurentides
2478095,Lac-Supérieur,2478,Les Laurentides
2478100,Val-des-Lacs,2478,Les Laurentides
2478102,Mont-Tremblant,2478,Les Laurentides
2478115,La Conception,2478,Les Laurentides
2478120,Labelle,2478,Les Laurentides
2478127,Lac-Tremblant-Nord,2478,Les Laurentides
2478130,La Minerve,2478,Les Laurentides
2478802,Doncaster,2478,Les Laurentides
2479005,Notre-Dame-du-Laus,2479,Antoine-Labelle
2479010,Notre-Dame-de-Pontmain,2479,Antoine-Labelle
2479015,Lac-du-Cerf,2479,Antoine-Labelle
2479022,Saint-Aimé-du-Lac-des-Îles,2479,Antoine-Labelle
2479025,Kiamika,2479,Antoine-Labelle
2479030,Nominingue,2479,Antoine-Labelle
2479037,Rivière-Rouge,2479,Antoine-Labelle
2479047,La Macaza,2479,Antoine-Labelle
2479050,L'Ascension,2479,Antoine-Labelle
2479060,Lac-Saguay,2479,Antoine-Labelle
2479065,Chute-Saint-Philippe,2479,Antoine-Labelle
2479078,Lac-des-Écorces,2479,Antoine-Labelle
2479088,Mont-Laurier,2479,Antoine-Labelle
2479097,Ferme-Neuve,2479,Antoine-Labelle
2479105,Lac-Saint-Paul,2479,Antoine-Labelle
2479110,Mont-Saint-Michel,2479,Antoine-Labelle
2479115,Sainte-Anne-du-Lac,2479,Antoine-Labelle
2479902,Lac-de-la-Pomme,2479,Antoine-Labelle
2479904,Lac-Akonapwehikan,2479,Antoine-Labelle
2479906,Lac-Wagwabika,2479,Antoine-Labelle
2479910,Lac-Bazinet,2479,Antoine-Labelle
2479912,Lac-De La Bidière,2479,Antoine-Labelle
2479914,Lac-Oscar,2479,Antoine-Labelle
2479916,Lac-de-la-Maison-de-Pierre,2479,Antoine-Labelle
2479920,Baie-des-Chaloupes,2479,Antoine-Labelle
2479922,Lac-Douaire,2479,Antoine-Labelle
2479924,Lac-Ernest,2479,Antoine-Labelle
2479926,Lac-Marguerite,2479,Antoine-Labelle
2480005,Fassett,2480,Papineau
2480010,Montebello,2480,Papineau
2480015,Notre-Dame-de-Bonsecours,2480,Papineau
2480020,Notre-Dame-de-la-Paix,2480,Papineau
2480027,Saint-André-Avellin,2480,Papineau
2480037,Papineauville,2480,Papineau
2480045,Plaisance,2480,Papineau
2480050,Thurso,2480,Papineau
2480055,Lochaber,2480,Papineau
2480060,Lochaber-Partie-Ouest,2480,Papineau
2480065,Mayo,2480,Papineau
2480070,Saint-Sixte,2480,Papineau
2480078,Ripon,2480,Papineau
2480085,Mulgrave-et-Derry,2480,Papineau
2480090,Montpellier,2480,Papineau
2480095,Lac-Simon,2480,Papineau
2480103,Chénéville,2480,Papineau
2480110,Namur,2480,Papineau
2480115,Boileau,2480,Papineau
2480125,Saint-Émile-de-Suffolk,2480,Papineau
2480130,Lac-des-Plages,2480,Papineau
2480135,Duhamel,2480,Papineau
2480140,Val-des-Bois,2480,Papineau
2480145,Bowman,2480,Papineau
2481017,Gatineau,2481,Gatineau
2482005,L'Ange-Gardien,2482,Les Collines-de-l'Outaouais
2482010,Notre-Dame-de-la-Salette,2482,Les Collines-de-l'Outaouais
2482015,Val-des-Monts,2482,Les Collines-de-l'Outaouais
2482020,Cantley,2482,Les Collines-de-l'Outaouais
2482025,Chelsea,2482,Les Collines-de-l'Outaouais
2482030,Pontiac,2482,Les Collines-de-l'Outaouais
2482035,La Pêche,2482,Les Collines-de-l'Outaouais
2483005,Denholm,2483,La Vallée-de-la-Gatineau
2483010,Low,2483,La Vallée-de-la-Gatineau
2483015,Kazabazua,2483,La Vallée-de-la-Gatineau
2483020,Lac-Sainte-Marie,2483,La Vallée-de-la-Gatineau
2483032,Gracefield,2483,La Vallée-de-la-Gatineau
2483040,Cayamant,2483,La Vallée-de-la-Gatineau
2483045,Blue Sea,2483,La Vallée-de-la-Gatineau
2483050,Bouchette,2483,La Vallée-de-la-Gatineau
2483055,Sainte-Thérèse-de-la-Gatineau,2483,La Vallée-de-la-Gatineau
2483060,Messines,2483,La Vallée-de-la-Gatineau
2483065,Maniwaki,2483,La Vallée-de-la-Gatineau
2483070,Déléage,2483,La Vallée-de-la-Gatineau
2483075,Egan-Sud,2483,La Vallée-de-la-Gatineau
2483085,Bois-Franc,2483,La Vallée-de-la-Gatineau
2483088,Montcerf-Lytton,2483,La Vallée-de-la-Gatineau
2483090,Aumond,2483,La Vallée-de-la-Gatineau
2483095,Grand-Remous,2483,La Vallée-de-la-Gatineau
2483802,Kitigan Zibi,2483,La Vallée-de-la-Gatineau
2483804,Lac-Rapide,2483,La Vallée-de-la-Gatineau
2483902,Lac-Pythonga,2483,La Vallée-de-la-Gatineau
2483904,Cascades-Malignes,2483,La Vallée-de-la-Gatineau
2483906,Lac-Lenôtre,2483,La Vallée-de-la-Gatineau
2483908,Lac-Moselle,2483,La Vallée-de-la-Gatineau
2483912,Dépôt-Échouani,2483,La Vallée-de-la-Gatineau
2484005,Bristol,2484,Pontiac
2484010,Shawville,2484,Pontiac
2484015,Clarendon,2484,Pontiac
2484020,Portage-du-Fort,2484,Pontiac
2484025,Bryson,2484,Pontiac
2484030,Campbell's Bay,2484,Pontiac
2484035,L'Île-du-Grand-Calumet,2484,Pontiac
2484040,Litchfield,2484,Pontiac
2484045,Thorne,2484,Pontiac
2484050,Alleyn-et-Cawood,2484,Pontiac
2484055,Otter Lake,2484,Pontiac
2484060,Fort-Coulonge,2484,Pontiac
2484065,Mansfield-et-Pontefract,2484,Pontiac
2484070,Waltham,2484,Pontiac
2484082,L'Isle-aux-Allumettes,2484,Pontiac
2484090,Chichester,2484,Pontiac
2484095,Sheenboro,2484,Pontiac
2484100,Rapides-des-Joachims,2484,Pontiac
2484902,Lac-Nilgaut,2484,Pontiac
2485005,Témiscaming,2485,Témiscamingue
2485010,Kipawa,2485,Témiscamingue
2485015,Saint-Édouard-de-Fabre,2485,Témiscamingue
2485020,Béarn,2485,Témiscamingue
2485025,Ville-Marie,2485,Témiscamingue
2485030,Duhamel-Ouest,2485,Témiscamingue
2485037,Lorrainville,2485,Témiscamingue
2485045,Saint-Bruno-de-Guigues,2485,Témiscamingue
2485052,Laverlochère-Angliers,2485,Témiscamingue
2485055,Fugèreville,2485,Témiscamingue
2485060,Latulipe-et-Gaboury,2485,Témiscamingue
2485065,Belleterre,2485,Témiscamingue
2485070,Laforce,2485,Témiscamingue
2485075,Moffet,2485,Témiscamingue
2485085,Saint-Eugène-de-Guigues,2485,Témiscamingue
2485090,Notre-Dame-du-Nord,2485,Témiscamingue
2485095,Guérin,2485,Témiscamingue
2485100,Nédélec,2485,Témiscamingue
2485105,Rémigny,2485,Témiscamingue
2485802,Kebaowek,2485,Témiscamingue
2485803,Hunter's Point,2485,Témiscamingue
2485804,Winneway,2485,Témiscamingue
2485806,Timiskaming,2485,Témiscamingue
2485905,Laniel,2485,Témiscamingue
2485907,Les Lacs-du-Témiscamingue,2485,Témiscamingue
2486042,Rouyn-Noranda,2486,Rouyn-Noranda
2487005,Duparquet,2487,Abitibi-Ouest
2487010,Rapide-Danseur,2487,Abitibi-Ouest
2487015,Roquemaure,2487,Abitibi-Ouest
2487020,Gallichan,2487,Abitibi-Ouest
2487025,Palmarolle,2487,Abitibi-Ouest
2487030,Sainte-Germaine-Boulé,2487,Abitibi-Ouest
2487035,Poularies,2487,Abitibi-Ouest
2487042,Taschereau,2487,Abitibi-Ouest
2487050,Authier,2487,Abitibi-Ouest
2487058,Macamic,2487,Abitibi-Ouest
2487070,Sainte-Hélène-de-Mancebourg,2487,Abitibi-Ouest
2487075,Clerval,2487,Abitibi-Ouest
2487080,La Reine,2487,Abitibi-Ouest
2487085,Dupuy,2487,Abitibi-Ouest
2487090,La Sarre,2487,Abitibi-Ouest
2487095,Chazel,2487,Abitibi-Ouest
2487100,Authier-Nord,2487,Abitibi-Ouest
2487105,Val-Saint-Gilles,2487,Abitibi-Ouest
2487110,Clermont,2487,Abitibi-Ouest
2487115,Normétal,2487,Abitibi-Ouest
2487120,Saint-Lambert,2487,Abitibi-Ouest
2487902,Lac-Duparquet,2487,Abitibi-Ouest
2487904,Rivière-Ojima,2487,Abitibi-Ouest
2488005,Champneuf,2488,Abitibi
2488010,Rochebaucourt,2488,Abitibi
2488015,La Morandière,2488,Abitibi
2488022,Barraute,2488,Abitibi
2488030,La Corne,2488,Abitibi
2488035,Landrienne,2488,Abitibi
2488040,Saint-Marc-de-Figuery,2488,Abitibi
2488045,La Motte,2488,Abitibi
2488050,Saint-Mathieu-d'Harricana,2488,Abitibi
2488055,Amos,2488,Abitibi
2488060,Saint-Félix-de-Dalquier,2488,Abitibi
2488065,Saint-Dominique-du-Rosaire,2488,Abitibi
2488070,Berry,2488,Abitibi
2488075,Trécesson,2488,Abitibi
2488080,Launay,2488,Abitibi
2488085,Sainte-Gertrude-Manneville,2488,Abitibi
2488090,Preissac,2488,Abitibi
2488802,Pikogan,2488,Abitibi
2488902,Lac-Despinassy,2488,Abitibi
2488904,Lac-Chicobi,2488,Abitibi
2489008,Val-d'Or,2489,La Vallée-de-l'Or
2489010,Rivière-Héva,2489,La Vallée-de-l'Or
2489015,Malartic,2489,La Vallée-de-l'Or
2489040,Senneterre,2489,La Vallée-de-l'Or
2489045,Senneterre,2489,La Vallée-de-l'Or
2489050,Belcourt,2489,La Vallée-de-l'Or
2489802,Kitcisakik,2489,La Vallée-de-l'Or
2489804,Lac Simon,2489,La Vallée-de-l'Or
2489902,Matchi-Manitou,2489,La Vallée-de-l'Or
2489908,Lac-Metei,2489,La Vallée-de-l'Or
2489910,Réservoir-Dozois,2489,La Vallée-de-l'Or
2489912,Lac-Granet,2489,La Vallée-de-l'Or
2490012,La Tuque,2490,La Tuque
2490017,La Bostonnais,2490,La Tuque
2490027,Lac-Édouard,2490,La Tuque
2490802,Communauté de Wemotaci,2490,La Tuque
2490804,Obedjiwan 28,2490,La Tuque
2491005,Lac-Bouchette,2491,Le Domaine-du-Roy
2491010,Saint-André-du-Lac-Saint-Jean,2491,Le Domaine-du-Roy
2491015,Saint-François-de-Sales,2491,Le Domaine-du-Roy
2491020,Chambord,2491,Le Domaine-du-Roy
2491025,Roberval,2491,Le Domaine-du-Roy
2491030,Sainte-Hedwidge,2491,Le Domaine-du-Roy
2491035,Saint-Prime,2491,Le Domaine-du-Roy
2491042,Saint-Félicien,2491,Le Domaine-du-Roy
2491050,La Doré,2491,Le Domaine-du-Roy
2491802,Mashteuiatsh,2491,Le Domaine-du-Roy
2491902,Lac-Ashuapmushuan,2491,Le Domaine-du-Roy
2492005,Saint-Augustin,2492,Maria-Chapdelaine
2492010,Péribonka,2492,Maria-Chapdelaine
2492015,Sainte-Jeanne-d'Arc,2492,Maria-Chapdelaine
2492022,Dolbeau-Mistassini,2492,Maria-Chapdelaine
2492030,Albanel,2492,Maria-Chapdelaine
2492040,Normandin,2492,Maria-Chapdelaine
2492045,Saint-Thomas-Didyme,2492,Maria-Chapdelaine
2492050,Saint-Edmond-les-Plaines,2492,Maria-Chapdelaine
2492055,Girardville,2492,Maria-Chapdelaine
2492060,Notre-Dame-de-Lorette,2492,Maria-Chapdelaine
2492065,Saint-Eugène-d'Argentenay,2492,Maria-Chapdelaine
2492070,Saint-Stanislas,2492,Maria-Chapdelaine
2492902,Passes-Dangereuses,2492,Maria-Chapdelaine
2492904,Rivière-Mistassini,2492,Maria-Chapdelaine
2493005,Desbiens,2493,Lac-Saint-Jean-Est
2493012,Métabetchouan--Lac-à-la-Croix,2493,Lac-Saint-Jean-Est
2493020,Hébertville,2493,Lac-Saint-Jean-Est
2493025,Hébertville-Station,2493,Lac-Saint-Jean-Est
2493030,Saint-Bruno,2493,Lac-Saint-Jean-Est
2493035,Saint-Gédéon,2493,Lac-Saint-Jean-Est
2493042,Alma,2493,Lac-Saint-Jean-Est
2493045,Saint-Nazaire,2493,Lac-Saint-Jean-Est
2493055,Labrecque,2493,Lac-Saint-Jean-Est
2493060,Lamarche,2493,Lac-Saint-Jean-Est
2493065,L'Ascension-de-Notre-Seigneur,2493,Lac-Saint-Jean-Est
2493070,Saint-Henri-de-Taillon,2493,Lac-Saint-Jean-Est
2493075,Sainte-Monique,2493,Lac-Saint-Jean-Est
2493080,Saint-Ludger-de-Milot,2493,Lac-Saint-Jean-Est
2493902,Mont-Apica,2493,Lac-Saint-Jean-Est
2493904,Lac-Moncouche,2493,Lac-Saint-Jean-Est
2493906,Lac-Achouakan,2493,Lac-Saint-Jean-Est
2493908,Belle-Rivière,2493,Lac-Saint-Jean-Est
2494068,Saguenay,2494,Le Saguenay-et-son-Fjord
2494205,Petit-Saguenay,2494,Le Saguenay-et-son-Fjord
2494210,L'Anse-Saint-Jean,2494,Le Saguenay-et-son-Fjord
2494215,Rivière-Éternité,2494,Le Saguenay-et-son-Fjord
2494220,Ferland-et-Boilleau,2494,Le Saguenay-et-son-Fjord
2494225,Saint-Félix-d'Otis,2494,Le Saguenay-et-son-Fjord
2494230,Sainte-Rose-du-Nord,2494,Le Saguenay-et-son-Fjord
2494235,Saint-Fulgence,2494,Le Saguenay-et-son-Fjord
2494240,Saint-Honoré,2494,Le Saguenay-et-son-Fjord
2494245,Saint-David-de-Falardeau,2494,Le Saguenay-et-son-Fjord
2494250,Bégin,2494,Le Saguenay-et-son-Fjord
2494255,Saint-Ambroise,2494,Le Saguenay-et-son-Fjord
2494260,Saint-Charles-de-Bourget,2494,Le Saguenay-et-son-Fjord
2494265,Larouche,2494,Le Saguenay-et-son-Fjord
2494926,Lalemant,2494,Le Saguenay-et-son-Fjord
2494928,Lac-Ministuk,2494,Le Saguenay-et-son-Fjord
2494930,Mont-Valin,2494,Le Saguenay-et-son-Fjord
2495005,Tadoussac,2495,La Haute-Côte-Nord
2495010,Sacré-Coeur,2495,La Haute-Côte-Nord
2495018,Les Bergeronnes,2495,La Haute-Côte-Nord
2495025,Les Escoumins,2495,La Haute-Côte-Nord
2495032,Longue-Rive,2495,La Haute-Côte-Nord
2495040,Portneuf-sur-Mer,2495,La Haute-Côte-Nord
2495045,Forestville,2495,La Haute-Côte-Nord
2495050,Colombier,2495,La Haute-Côte-Nord
2495802,Essipit,2495,La Haute-Côte-Nord
2495902,Lac-au-Brochet,2495,La Haute-Côte-Nord
2496005,Baie-Trinité,2496,Manicouagan
2496010,Godbout,2496,Manicouagan
2496015,Franquelin,2496,Manicouagan
2496020,Baie-Comeau,2496,Manicouagan
2496025,Pointe-Lebel,2496,Manicouagan
2496030,Pointe-aux-Outardes,2496,Manicouagan
2496035,Chute-aux-Outardes,2496,Manicouagan
2496040,Ragueneau,2496,Manicouagan
2496802,Pessamit,2496,Manicouagan
2496902,Rivière-aux-Outardes,2496,Manicouagan
2497007,Sept-Îles,2497,Sept-Rivières--Caniapiscau
2497022,Port-Cartier,2497,Sept-Rivières--Caniapiscau
2497035,Fermont,2497,Sept-Rivières--Caniapiscau
2497040,Schefferville,2497,Sept-Rivières--Caniapiscau
2497802,Uashat 27,2497,Sept-Rivières--Caniapiscau
2497804,Maliotenam,2497,Sept-Rivières--Caniapiscau
2497806,Kawawachikamach,2497,Sept-Rivières--Caniapiscau
2497808,Matimekosh,2497,Sept-Rivières--Caniapiscau
2497810,Lac-John,2497,Sept-Rivières--Caniapiscau
2497902,Rivière-Nipissis,2497,Sept-Rivières--Caniapiscau
2497904,Lac-Walker,2497,Sept-Rivières--Caniapiscau
2497906,Rivière-Mouchalagane,2497,Sept-Rivières--Caniapiscau
2497908,Caniapiscau,2497,Sept-Rivières--Caniapiscau
2497912,Lac-Juillet,2497,Sept-Rivières--Caniapiscau
2497914,Lac-Vacher,2497,Sept-Rivières--Caniapiscau
2498005,Blanc-Sablon,2498,Minganie--Le Golfe-du-Saint-Laurent
2498010,Bonne-Espérance,2498,Minganie--Le Golfe-du-Saint-Laurent
2498012,Saint-Augustin,2498,Minganie--Le Golfe-du-Saint-Laurent
2498014,Gros-Mécatina,2498,Minganie--Le Golfe-du-Saint-Laurent
2498015,Côte-Nord-du-Golfe-du-Saint-Laurent,2498,Minganie--Le Golfe-du-Saint-Laurent
2498020,L'Île-d'Anticosti,2498,Minganie--Le Golfe-du-Saint-Laurent
2498025,Natashquan,2498,Minganie--Le Golfe-du-Saint-Laurent
2498030,Aguanish,2498,Minganie--Le Golfe-du-Saint-Laurent
2498035,Baie-Johan-Beetz,2498,Minganie--Le Golfe-du-Saint-Laurent
2498040,Havre-Saint-Pierre,2498,Minganie--Le Golfe-du-Saint-Laurent
2498045,Longue-Pointe-de-Mingan,2498,Minganie--Le Golfe-du-Saint-Laurent
2498050,Rivière-Saint-Jean,2498,Minganie--Le Golfe-du-Saint-Laurent
2498055,Rivière-au-Tonnerre,2498,Minganie--Le Golfe-du-Saint-Laurent
2498802,Pakuashipi,2498,Minganie--Le Golfe-du-Saint-Laurent
2498804,Romaine 2,2498,Minganie--Le Golfe-du-Saint-Laurent
2498806,Nutashkuan,2498,Minganie--Le Golfe-du-Saint-Laurent
2498808,Mingan,2498,Minganie--Le Golfe-du-Saint-Laurent
2498904,Lac-Jérôme,2498,Minganie--Le Golfe-du-Saint-Laurent
2498912,Petit-Mécatina,2498,Minganie--Le Golfe-du-Saint-Laurent
2499005,Lebel-sur-Quévillon,2499,Nord-du-Québec
2499010,Waswanipi,2499,Nord-du-Québec
2499015,Matagami,2499,Nord-du-Québec
2499020,Chapais,2499,Nord-du-Québec
2499025,Chibougamau,2499,Nord-du-Québec
2499030,Mistissini,2499,Nord-du-Québec
2499035,Waskaganish,2499,Nord-du-Québec
2499040,Nemaska,2499,Nord-du-Québec
2499045,Eastmain,2499,Nord-du-Québec
2499050,Wemindji,2499,Nord-du-Québec
2499055,Chisasibi,2499,Nord-du-Québec
2499060,Eeyou Istchee Baie-James,2499,Nord-du-Québec
2499065,Kawawachikamach,2499,Nord-du-Québec
2499070,Whapmagoostui,2499,Nord-du-Québec
2499075,Kuujjuarapik,2499,Nord-du-Québec
2499080,Umiujaq,2499,Nord-du-Québec
2499085,Inukjuak,2499,Nord-du-Québec
2499090,Kangiqsualujjuaq,2499,Nord-du-Québec
2499095,Kuujjuaq,2499,Nord-du-Québec
2499100,Tasiujaq,2499,Nord-du-Québec
2499105,Aupaluk,2499,Nord-du-Québec
2499110,Kangirsuk,2499,Nord-du-Québec
2499115,Quaqtaq,2499,Nord-du-Québec
2499120,Puvirnituq,2499,Nord-du-Québec
2499125,Akulivik,2499,Nord-du-Québec
2499130,Kangiqsujuaq,2499,Nord-du-Québec
2499135,Salluit,2499,Nord-du-Québec
2499140,Ivujivik,2499,Nord-du-Québec
2499802,Waswanipi,2499,Nord-du-Québec
2499804,Mistissini,2499,Nord-du-Québec
2499806,Waskaganish,2499,Nord-du-Québec
2499808,Nemaska,2499,Nord-du-Québec
2499810,Eastmain,2499,Nord-du-Québec
2499812,Wemindji,2499,Nord-du-Québec
2499814,Chisasibi,2499,Nord-du-Québec
2499816,Whapmagoostui,2499,Nord-du-Québec
2499818,Oujé-Bougoumou,2499,Nord-du-Québec
2499877,Kuujjuarapik,2499,Nord-du-Québec
2499878,Umiujaq,2499,Nord-du-Québec
2499879,Inukjuak,2499,Nord-du-Québec
2499883,Akulivik,2499,Nord-du-Québec
2499885,Ivujivik,2499,Nord-du-Québec
2499887,Salluit,2499,Nord-du-Québec
2499888,Kangiqsujuaq,2499,Nord-du-Québec
2499889,Quaqtaq,2499,Nord-du-Québec
2499890,Kangirsuk,2499,Nord-du-Québec
2499891,Aupaluk,2499,Nord-du-Québec
2499892,Tasiujaq,2499,Nord-du-Québec
2499893,Kuujjuaq,2499,Nord-du-Québec
2499894,Kangiqsualujjuaq,2499,Nord-du-Québec
2499902,Rivière-Koksoak,2499,Nord-du-Québec
2499904,Baie-d'Hudson,2499,Nord-du-Québec
